{
    "formatVersion": 1,
    "packages": [
        {
            "name": "LiteLoader",
            "sha256": "ef1a53a1b336e7e842bf4638a2b4dcf7234be5f120c534aafdc5e8e5f7d6fe78",
            "uid": "com.mumfrey.liteloader"
        },
        {
            "name": "Fabric Loader",
            "sha256": "b65a47bb84fe063723d1e2ddc307e3f135e8476c5fe30394f2f3805ebb3b65f6",
            "uid": "net.fabricmc.fabric-loader"
        },
        {
            "name": "Intermediary Mappings",
            "sha256": "1ed7213ea1a58e1bb6307730b39b960868383f4e4726a5f470a63c8d8e55c570",
            "uid": "net.fabricmc.intermediary"
        },
        {
            "name": "Minecraft",
            "sha256": "e7ea011cf1d216c2deeaf2a922a0638201939cc07040e1a2f4fabeb96810d1ca",
            "uid": "net.minecraft"
        },
        {
            "name": "Forge",
            "sha256": "5f6a7eb43895ac4902b9145549cdd7c5b6d4a7b9836751b06322aabae7502e04",
            "uid": "net.minecraftforge"
        },
        {
            "name": "NeoForge",
            "sha256": "df0d738307d25feffba7313ff78064281adb6c517c5b2f1ee574caa448d00e8b",
            "uid": "net.neoforged"
        },
        {
            "name": "LWJGL 2",
            "sha256": "ad39a338d531c3c78ad0b24eba444eb4260cc486b36d583e3a2776f87e739b8a",
            "uid": "org.lwjgl"
        },
        {
            "name": "LWJGL 3",
            "sha256": "6bee633d9a1ed5158ae3e8886fa1e08a4c6b9c938e6f57f754055930d7693811",
            "uid": "org.lwjgl3"
        },
        {
            "name": "Quilt Loader",
            "sha256": "bb704db23064ae5d155ff2edda764825d063674e031d456748219bf9f9b8ba66",
            "uid": "org.quiltmc.quilt-loader"
        }
    ]
}