{
    "accounts": [
        {
            "active": true,
            "entitlement": {
                "canPlayMinecraft": true,
                "ownsMinecraft": true
            },
            "profile": {
                "capes": [
                ],
                "id": "a01e3843e5213998958af459800e4d11",
                "name": "Player",
                "skin": {
                    "id": "",
                    "url": "",
                    "variant": ""
                }
            },
            "type": "Local",
            "ygg": {
                "extra": {
                    "clientToken": "8a895fa9c3894f8a85e99c18535340ba",
                    "userName": "Player"
                },
                "iat": 1749630206
            }
        }
    ],
    "formatVersion": 3
}
